Thresholds,Ratings
-8.881784197001252e-16,Poor
2.757142857142857,Average
3.5592592592592593,Good
4.18981077147016,Very Good
4.66734693877551,Excellent
