Threshold,Rating
-8.881784197001252e-16,Poor
2.7571428571428576,Average
3.559259259259259,Good
4.18981077147016,Very Good
4.66734693877551,Excellent
